{
   "dashboards": [{
      "autoswitchEnabled": false,
      "columnCount": 1,
      "columnProportion": "1-1",
      "creationTime": 1605038292611,
      "dashboardNavigations": {},
      "description": "",
      "disabled": false,
      "gridsterMaxColumns": 12,
      "hidden": false,
      "homeTab": false,
      "id": "ad1c9e98-4bc1-4b64-bdfc-d55da4df7a99",
      "importAttempts": 0,
      "importComplete": true,
      "lastUpdateTime": 1605113710562,
      "lastUpdateUserId": "ce28a436-007e-4581-a234-9a5ec7b93455",
      "locked": false,
      "name": "VM Snapshot Summary",
      "rank": 0,
      "shared": false,
      "states": [],
      "temporary": false,
      "userId": "ce28a436-007e-4581-a234-9a5ec7b93455",
      "widgetInteractions": [{
         "type": "resourceId",
         "widgetIdProvider": "aa68e534-27aa-4f70-b5a5-93e59e0b806d",
         "widgetIdReceiver": "6961d92f-2635-47ba-85eb-3899ae10f2e3"
      }],
      "widgets": [
         {
            "collapsed": false,
            "config": {
               "chartViewItems": [],
               "isUpdatedView": true,
               "refreshContent": {"refreshContent": true},
               "refreshInterval": 300,
               "resource": {
                  "id": "Ext.vcops.chrome.model.Resource-1",
                  "resourceId": "resource:id:0_::_",
                  "resourceKindId": "002006VMWAREvSphere World",
                  "resourceName": "vSphere World",
                  "traversalSpecId": ""
               },
               "selectFirstRow": {"selectFirstRow": false},
               "selfProvider": {"selfProvider": true},
               "title": "VMs",
               "traversalSpecId": null,
               "viewDefinitionId": "b87a281a-008e-41b0-b900-12b2da316b84"
            },
            "gridsterCoords": {
               "h": 23,
               "w": 6,
               "x": 1,
               "y": 1
            },
            "height": 1293,
            "id": "aa68e534-27aa-4f70-b5a5-93e59e0b806d",
            "states": [
               {
                  "key": "permPageSize_widget_ad1c9e98-4bc1-4b64-bdfc-d55da4df7a99_aa68e534-27aa-4f70-b5a5-93e59e0b806d",
                  "value": "n%3A500"
               },
               {
                  "key": "permSelectedDate_widget_ad1c9e98-4bc1-4b64-bdfc-d55da4df7a99_aa68e534-27aa-4f70-b5a5-93e59e0b806d",
                  "value": "s%3A%7B%22minType%22%3A%22.TimeIntervalControl%22%2C%22advancedTimeMode%22%3Afalse%2C%22fromTime%22%3Anull%2C%22unit%22%3A%22DAYS%22%2C%22count%22%3A7%2C%22priorUnit%22%3Anull%2C%22priorCount%22%3Anull%2C%22startSubUnit%22%3Anull%2C%22startPeriod%22%3Anull%2C%22toTime%22%3Anull%2C%22endUnit%22%3Anull%2C%22endCount%22%3Anull%2C%22endSubUnit%22%3Anull%2C%22endPeriod%22%3Anull%7D"
               },
               {
                  "key": "perm_toolbarVisible_widget_ad1c9e98-4bc1-4b64-bdfc-d55da4df7a99_aa68e534-27aa-4f70-b5a5-93e59e0b806d",
                  "value": "b%3A1"
               }
            ],
            "title": "VMs",
            "type": "View"
         },
         {
            "collapsed": false,
            "config": {
               "chartViewItems": ["labels"],
               "isUpdatedView": true,
               "refreshContent": {"refreshContent": true},
               "refreshInterval": 300,
               "resource": {
                  "id": "Ext.vcops.chrome.model.Resource-3",
                  "resourceId": "resource:id:1_::_",
                  "resourceKindId": "002009ContainerEnvironment",
                  "resourceName": "All VMs",
                  "traversalSpecId": ""
               },
               "selectFirstRow": {"selectFirstRow": false},
               "selfProvider": {"selfProvider": true},
               "title": "VM Snapshot Age (Days)",
               "traversalSpecId": null,
               "viewDefinitionId": "6b823476-e505-4ca5-9f02-0bfbc393a06f"
            },
            "gridsterCoords": {
               "h": 6,
               "w": 6,
               "x": 7,
               "y": 1
            },
            "height": 324,
            "id": "d714ecf1-47ea-43bd-bf5b-e9c208c4e387",
            "title": "VM Snapshot Age (Days)",
            "type": "View"
         },
         {
            "collapsed": false,
            "config": {
               "chartViewItems": [],
               "isUpdatedView": true,
               "refreshContent": {"refreshContent": true},
               "refreshInterval": 300,
               "resource": {
                  "id": "Ext.vcops.chrome.model.Resource-2",
                  "resourceId": "resource:id:0_::_",
                  "resourceKindId": "002006VMWAREvSphere World",
                  "resourceName": "vSphere World",
                  "traversalSpecId": ""
               },
               "selectFirstRow": {"selectFirstRow": false},
               "selfProvider": {"selfProvider": true},
               "title": "VM Snapshot Age (Days)",
               "traversalSpecId": null,
               "viewDefinitionId": "31718832-5eb7-4151-8e83-fca77f4b807d"
            },
            "gridsterCoords": {
               "h": 7,
               "w": 6,
               "x": 7,
               "y": 7
            },
            "height": 381,
            "id": "5af47375-8317-4344-abdb-308f13244599",
            "title": "VM Snapshot Age (Days)",
            "type": "View"
         },
         {
            "collapsed": false,
            "config": {
               "boxColumns": 4,
               "boxHeight": null,
               "customFilter": {
                  "excludedResources": null,
                  "filter": [],
                  "includedResources": null
               },
               "depth": 1,
               "labelSize": 16,
               "maxCellCount": 100,
               "metric": {
                  "mode": "resourceKind",
                  "resourceKindMetrics": [
                     {
                        "colorMethod": 1,
                        "handleOldColoring": false,
                        "id": "extModel5634-1",
                        "isStringMetric": false,
                        "label": "CPU Co-stop",
                        "link": "",
                        "metricKey": "cpu|costopPct",
                        "metricName": "CPU|Co-stop",
                        "metricUnitId": -1,
                        "orangeBound": null,
                        "redBound": null,
                        "resourceKindId": "resourceKind:id:0_::_",
                        "resourceKindName": "Virtual Machine",
                        "unit": "Auto",
                        "yellowBound": null
                     },
                     {
                        "colorMethod": 1,
                        "handleOldColoring": false,
                        "id": "extModel5634-2",
                        "isStringMetric": false,
                        "label": "CPU Contention",
                        "link": "",
                        "metricKey": "cpu|capacity_contentionPct",
                        "metricName": "CPU|Contention",
                        "metricUnitId": -1,
                        "orangeBound": null,
                        "redBound": null,
                        "resourceKindId": "resourceKind:id:0_::_",
                        "resourceKindName": "Virtual Machine",
                        "unit": "Auto",
                        "yellowBound": null
                     },
                     {
                        "colorMethod": 1,
                        "handleOldColoring": false,
                        "id": "extModel5634-3",
                        "isStringMetric": false,
                        "label": "CPU Ready",
                        "link": "",
                        "metricKey": "cpu|readyPct",
                        "metricName": "CPU|Ready",
                        "metricUnitId": -1,
                        "orangeBound": null,
                        "redBound": null,
                        "resourceKindId": "resourceKind:id:0_::_",
                        "resourceKindName": "Virtual Machine",
                        "unit": "Auto",
                        "yellowBound": null
                     },
                     {
                        "colorMethod": 1,
                        "handleOldColoring": false,
                        "id": "extModel5634-4",
                        "isStringMetric": false,
                        "label": "CPU Usage",
                        "link": "",
                        "metricKey": "cpu|usage_average",
                        "metricName": "CPU|Usage",
                        "metricUnitId": -1,
                        "orangeBound": null,
                        "redBound": null,
                        "resourceKindId": "resourceKind:id:0_::_",
                        "resourceKindName": "Virtual Machine",
                        "unit": "Auto",
                        "yellowBound": null
                     },
                     {
                        "colorMethod": 1,
                        "handleOldColoring": false,
                        "id": "extModel5634-5",
                        "isStringMetric": false,
                        "label": "Memory Balloon",
                        "link": "",
                        "metricKey": "mem|balloonPct",
                        "metricName": "Memory|Balloon",
                        "metricUnitId": -1,
                        "orangeBound": null,
                        "redBound": null,
                        "resourceKindId": "resourceKind:id:0_::_",
                        "resourceKindName": "Virtual Machine",
                        "unit": "Auto",
                        "yellowBound": null
                     },
                     {
                        "colorMethod": 1,
                        "handleOldColoring": false,
                        "id": "extModel5634-6",
                        "isStringMetric": false,
                        "label": "Memory Contention",
                        "link": "",
                        "metricKey": "mem|host_contentionPct",
                        "metricName": "Memory|Contention",
                        "metricUnitId": -1,
                        "orangeBound": null,
                        "redBound": null,
                        "resourceKindId": "resourceKind:id:0_::_",
                        "resourceKindName": "Virtual Machine",
                        "unit": "Auto",
                        "yellowBound": null
                     },
                     {
                        "colorMethod": 1,
                        "handleOldColoring": false,
                        "id": "extModel5634-7",
                        "isStringMetric": false,
                        "label": "Memory Usage",
                        "link": "",
                        "metricKey": "mem|usage_average",
                        "metricName": "Memory|Usage",
                        "metricUnitId": -1,
                        "orangeBound": null,
                        "redBound": null,
                        "resourceKindId": "resourceKind:id:0_::_",
                        "resourceKindName": "Virtual Machine",
                        "unit": "Auto",
                        "yellowBound": null
                     },
                     {
                        "colorMethod": 1,
                        "handleOldColoring": false,
                        "id": "extModel5634-9",
                        "isStringMetric": false,
                        "label": "Memory Swapped",
                        "link": "",
                        "metricKey": "mem|swapped_average",
                        "metricName": "Memory|Swapped",
                        "metricUnitId": -1,
                        "orangeBound": null,
                        "redBound": null,
                        "resourceKindId": "resourceKind:id:0_::_",
                        "resourceKindName": "Virtual Machine",
                        "unit": "Auto",
                        "yellowBound": null
                     },
                     {
                        "colorMethod": 1,
                        "handleOldColoring": false,
                        "id": "extModel5634-10",
                        "isStringMetric": false,
                        "label": "Physical Disk Read Throughput",
                        "link": "",
                        "metricKey": "disk|read_average",
                        "metricName": "Physical Disk|Read Throughput",
                        "metricUnitId": -1,
                        "orangeBound": null,
                        "redBound": null,
                        "resourceKindId": "resourceKind:id:0_::_",
                        "resourceKindName": "Virtual Machine",
                        "unit": "Auto",
                        "yellowBound": null
                     },
                     {
                        "colorMethod": 1,
                        "handleOldColoring": false,
                        "id": "extModel5634-12",
                        "isStringMetric": false,
                        "label": "Physical Disk Write Throughput",
                        "link": "",
                        "metricKey": "disk|write_average",
                        "metricName": "Physical Disk|Write Throughput",
                        "metricUnitId": -1,
                        "orangeBound": null,
                        "redBound": null,
                        "resourceKindId": "resourceKind:id:0_::_",
                        "resourceKindName": "Virtual Machine",
                        "unit": "Auto",
                        "yellowBound": null
                     },
                     {
                        "colorMethod": 1,
                        "handleOldColoring": false,
                        "id": "extModel5634-11",
                        "isStringMetric": false,
                        "label": "Storage Write Latency",
                        "link": "",
                        "metricKey": "storage|totalWriteLatency_average",
                        "metricName": "Storage|Write Latency",
                        "metricUnitId": -1,
                        "orangeBound": null,
                        "redBound": null,
                        "resourceKindId": "resourceKind:id:0_::_",
                        "resourceKindName": "Virtual Machine",
                        "unit": "Auto",
                        "yellowBound": null
                     },
                     {
                        "colorMethod": 1,
                        "handleOldColoring": false,
                        "id": "extModel5634-13",
                        "isStringMetric": false,
                        "label": "Storage Read Latency",
                        "link": "",
                        "metricKey": "storage|totalReadLatency_average",
                        "metricName": "Storage|Read Latency",
                        "metricUnitId": -1,
                        "orangeBound": null,
                        "redBound": null,
                        "resourceKindId": "resourceKind:id:0_::_",
                        "resourceKindName": "Virtual Machine",
                        "unit": "Auto",
                        "yellowBound": null
                     },
                     {
                        "colorMethod": 1,
                        "handleOldColoring": false,
                        "id": "extModel7140-1",
                        "isStringMetric": false,
                        "label": "Network Data Receive Rate",
                        "link": "",
                        "metricKey": "net|received_average",
                        "metricName": "Network|Data Receive Rate",
                        "metricUnitId": -1,
                        "orangeBound": null,
                        "redBound": null,
                        "resourceKindId": "resourceKind:id:0_::_",
                        "resourceKindName": "Virtual Machine",
                        "unit": "Auto",
                        "yellowBound": null
                     },
                     {
                        "colorMethod": 1,
                        "handleOldColoring": false,
                        "id": "extModel7140-2",
                        "isStringMetric": false,
                        "label": "Network Data Transmit Rate",
                        "link": "",
                        "metricKey": "net|transmitted_average",
                        "metricName": "Network|Data Transmit Rate",
                        "metricUnitId": -1,
                        "orangeBound": null,
                        "redBound": null,
                        "resourceKindId": "resourceKind:id:0_::_",
                        "resourceKindName": "Virtual Machine",
                        "unit": "Auto",
                        "yellowBound": null
                     },
                     {
                        "colorMethod": 1,
                        "handleOldColoring": false,
                        "id": "extModel7140-3",
                        "isStringMetric": false,
                        "label": "Network Broadcast Packets Transmitted",
                        "link": "",
                        "metricKey": "net|broadcastTx_summation",
                        "metricName": "Network|Broadcast Packets Transmitted",
                        "metricUnitId": null,
                        "orangeBound": null,
                        "redBound": null,
                        "resourceKindId": "resourceKind:id:0_::_",
                        "resourceKindName": "Virtual Machine",
                        "unit": "",
                        "yellowBound": null
                     },
                     {
                        "colorMethod": 1,
                        "handleOldColoring": false,
                        "id": "extModel7140-4",
                        "isStringMetric": false,
                        "label": "Network Multicast Packets Transmitted",
                        "link": "",
                        "metricKey": "net|multicastTx_summation",
                        "metricName": "Network|Multicast Packets Transmitted",
                        "metricUnitId": null,
                        "orangeBound": null,
                        "redBound": null,
                        "resourceKindId": "resourceKind:id:0_::_",
                        "resourceKindName": "Virtual Machine",
                        "unit": "",
                        "yellowBound": null
                     }
                  ],
                  "resourceMetrics": [],
                  "subMode": "resourceKindAll"
               },
               "mode": {"layoutMode": "fixedView"},
               "oldMetricValues": false,
               "periodLength": "last30Days",
               "refreshContent": {"refreshContent": true},
               "refreshInterval": 300,
               "relationshipMode": {"relationshipMode": 0},
               "resInteractionMode": null,
               "resource": [],
               "roundDecimals": null,
               "selfProvider": {"selfProvider": false},
               "showDT": {"showDT": false},
               "showMetricName": {"showMetricName": true},
               "showMetricUnit": {"showMetricUnit": true},
               "showResourceName": {"showResourceName": false},
               "showSparkline": {"showSparkline": true},
               "title": "Scoreboard (for selected VM)",
               "valueSize": 24,
               "visualTheme": 8
            },
            "gridsterCoords": {
               "h": 10,
               "w": 6,
               "x": 7,
               "y": 14
            },
            "height": 552,
            "id": "6961d92f-2635-47ba-85eb-3899ae10f2e3",
            "title": "Scoreboard (for selected VM)",
            "type": "Scoreboard"
         }
      ]
   }],
   "entries": {
      "resource": [
         {
            "adapterKindKey": "Container",
            "identifiers": [],
            "internalId": "resource:id:1_::_",
            "name": "All VMs",
            "resourceKindKey": "Environment"
         },
         {
            "adapterKindKey": "VMWARE",
            "identifiers": [],
            "internalId": "resource:id:0_::_",
            "name": "vSphere World",
            "resourceKindKey": "vSphere World"
         }
      ],
      "resourceKind": [{
         "adapterKindKey": "VMWARE",
         "internalId": "resourceKind:id:0_::_",
         "resourceKindKey": "VirtualMachine"
      }]
   },
   "uuid": "34359ef2-9548-43be-8cb8-6f01b1868ee6"
}